[{"id":"tw","site":"global","name":"Taiwan","slug":"taiwan","region":null,"continent":null,"rank":1,"score":90},{"id":"au","site":"global","name":"Australia","slug":"australia","region":null,"continent":null,"rank":2,"score":79},{"id":"gb","site":"global","name":"Great Britain","slug":"united_kingdom","region":null,"continent":null,"rank":2,"score":79},{"id":"fr","site":"global","name":"France","slug":"france","region":null,"continent":null,"rank":4,"score":70},{"id":"fi","site":"global","name":"Finland","slug":"finland","region":null,"continent":null,"rank":5,"score":69},{"id":"ca","site":"global","name":"Canada","slug":"canada","region":null,"continent":null,"rank":5,"score":69},{"id":"no","site":"global","name":"Norway","slug":"norway","region":null,"continent":null,"rank":5,"score":69},{"id":"br","site":"global","name":"Brazil","slug":"brazil","region":null,"continent":null,"rank":8,"score":68},{"id":"nz","site":"global","name":"New Zealand","slug":"new_zealand","region":null,"continent":null,"rank":8,"score":68},{"id":"nir","site":"global","name":"Northern Ireland","slug":"northern_ireland","region":null,"continent":null,"rank":10,"score":67},{"id":"us","site":"global","name":"United States","slug":"United_states","region":null,"continent":null,"rank":11,"score":65},{"id":"dk","site":"global","name":"Denmark","slug":"denmark","region":null,"continent":null,"rank":11,"score":65},{"id":"mx","site":"global","name":"Mexico","slug":"mexico","region":null,"continent":null,"rank":11,"score":65},{"id":"co","site":"global","name":"Colombia","slug":"colombia","region":null,"continent":null,"rank":14,"score":64},{"id":"lv","site":"global","name":"Latvia","slug":"latvia","region":null,"continent":null,"rank":14,"score":64},{"id":"jp","site":"global","name":"Japan","slug":"japan","region":null,"continent":null,"rank":16,"score":61},{"id":"ar","site":"global","name":"Argentina","slug":"argentina","region":null,"continent":null,"rank":17,"score":60},{"id":"sg","site":"global","name":"Singapore","slug":"singapore","region":null,"continent":null,"rank":17,"score":60},{"id":"uy","site":"global","name":"Uruguay","slug":"uruguay","region":null,"continent":null,"rank":19,"score":55},{"id":"nl","site":"global","name":"Netherlands","slug":"netherlands","region":null,"continent":null,"rank":20,"score":54},{"id":"se","site":"global","name":"Sweden","slug":"sweden","region":null,"continent":null,"rank":21,"score":53},{"id":"be","site":"global","name":"Belgium","slug":"belgium","region":null,"continent":null,"rank":22,"score":52},{"id":"cl","site":"global","name":"Chile","slug":"chile","region":null,"continent":null,"rank":22,"score":52},{"id":"de","site":"global","name":"Germany","slug":"germany","region":null,"continent":null,"rank":24,"score":51},{"id":"hk","site":"global","name":"Hong Kong","slug":"hong_kong","region":null,"continent":null,"rank":24,"score":51},{"id":"ro","site":"global","name":"Romania","slug":"romania","region":null,"continent":null,"rank":24,"score":51},{"id":"cz","site":"global","name":"Czech Republic","slug":"czech_republic","region":null,"continent":null,"rank":27,"score":50},{"id":"pl","site":"global","name":"Poland","slug":"poland","region":null,"continent":null,"rank":28,"score":49},{"id":"at","site":"global","name":"Austria","slug":"austria","region":null,"continent":null,"rank":28,"score":49},{"id":"si","site":"global","name":"Slovenia","slug":"slovenia","region":null,"continent":null,"rank":28,"score":49},{"id":"ua","site":"global","name":"Ukraine","slug":"ukraine","region":null,"continent":null,"rank":31,"score":48},{"id":"in","site":"global","name":"India","slug":"india","region":null,"continent":null,"rank":32,"score":47},{"id":"it","site":"global","name":"Italy","slug":"italy","region":null,"continent":null,"rank":32,"score":47},{"id":"sk","site":"global","name":"Slovakia","slug":"slovakia","region":null,"continent":null,"rank":32,"score":47},{"id":"gr","site":"global","name":"Greece","slug":"greece","region":null,"continent":null,"rank":35,"score":46},{"id":"bg","site":"global","name":"Bulgaria","slug":"bulgaria","region":null,"continent":null,"rank":36,"score":45},{"id":"py","site":"global","name":"Paraguay","slug":"paraguay","region":null,"continent":null,"rank":37,"score":44},{"id":"pr","site":"global","name":"Puerto Rico","slug":"puerto_rico","region":null,"continent":null,"rank":38,"score":43},{"id":"ru","site":"global","name":"Russia","slug":"russia","region":null,"continent":null,"rank":38,"score":43},{"id":"im","site":"global","name":"Isle of Man","slug":"isle_man","region":null,"continent":null,"rank":38,"score":43},{"id":"rs","site":"global","name":"Serbia","slug":"serbia","region":null,"continent":null,"rank":41,"score":41},{"id":"il","site":"global","name":"Israel","slug":"israel","region":null,"continent":null,"rank":41,"score":41},{"id":"za","site":"global","name":"South Africa","slug":"south_africa","region":null,"continent":null,"rank":43,"score":40},{"id":"hr","site":"global","name":"Croatia","slug":"croatia","region":null,"continent":null,"rank":44,"score":39},{"id":"pt","site":"global","name":"Portugal","slug":"portugal","region":null,"continent":null,"rank":45,"score":37},{"id":"tr","site":"global","name":"Turkey","slug":"turkey","region":null,"continent":null,"rank":45,"score":37},{"id":"al","site":"global","name":"Albania","slug":"albania","region":null,"continent":null,"rank":47,"score":36},{"id":"ch","site":"global","name":"Switzerland","slug":"switzerland","region":null,"continent":null,"rank":47,"score":36},{"id":"sv","site":"global","name":"El Salvador","slug":"el_salvador","region":null,"continent":null,"rank":49,"score":35},{"id":"me","site":"global","name":"Montenegro","slug":"montenegro","region":null,"continent":null,"rank":49,"score":35},{"id":"th","site":"global","name":"Thailand","slug":"thailand","region":null,"continent":null,"rank":51,"score":34},{"id":"mk","site":"global","name":"Macedonia","slug":"macedonia","region":null,"continent":null,"rank":52,"score":31},{"id":"bo","site":"global","name":"Bolivia","slug":"bolivia","region":null,"continent":null,"rank":53,"score":30},{"id":"ph","site":"global","name":"Philippines","slug":"philippines","region":null,"continent":null,"rank":53,"score":30},{"id":"pe","site":"global","name":"Peru","slug":"peru","region":null,"continent":null,"rank":55,"score":29},{"id":"gt","site":"global","name":"Guatemala","slug":"guatemala","region":null,"continent":null,"rank":56,"score":28},{"id":"do","site":"global","name":"Dominican Republic","slug":"dominican_republic","region":null,"continent":null,"rank":57,"score":27},{"id":"ba","site":"global","name":"Bosnia and Herzegovina","slug":"bosnia_and_herzegovina","region":null,"continent":null,"rank":58,"score":26},{"id":"ko","site":"global","name":"Kosovo","slug":"kosovo","region":null,"continent":null,"rank":58,"score":26},{"id":"jm","site":"global","name":"Jamaica","slug":"jamaica","region":null,"continent":null,"rank":58,"score":26},{"id":"id","site":"global","name":"Indonesia","slug":"indonesia","region":null,"continent":null,"rank":61,"score":25},{"id":"pa","site":"global","name":"Panama","slug":"panama","region":null,"continent":null,"rank":61,"score":25},{"id":"bd","site":"global","name":"Bangladesh","slug":"bangladesh","region":null,"continent":null,"rank":61,"score":25},{"id":"cr","site":"global","name":"Costa Rica","slug":"costa_rica","region":null,"continent":null,"rank":64,"score":23},{"id":"bt","site":"global","name":"Bhutan","slug":"bhutan","region":null,"continent":null,"rank":64,"score":23},{"id":"tn","site":"global","name":"Tunisia","slug":"tunisia","region":null,"continent":null,"rank":66,"score":22},{"id":"ir","site":"global","name":"Iran","slug":"iran","region":null,"continent":null,"rank":67,"score":21},{"id":"tt","site":"global","name":"Trinidad and Tobago","slug":"trinidad_tobago","region":null,"continent":null,"rank":67,"score":21},{"id":"np","site":"global","name":"Nepal","slug":"nepal","region":null,"continent":null,"rank":69,"score":20},{"id":"tz","site":"global","name":"Tanzania","slug":"tanzania","region":null,"continent":null,"rank":69,"score":20},{"id":"gy","site":"global","name":"Guyana","slug":"guyana","region":null,"continent":null,"rank":69,"score":20},{"id":"pk","site":"global","name":"Pakistan","slug":"pakistan","region":null,"continent":null,"rank":72,"score":19},{"id":"zm","site":"global","name":"Zambia","slug":"zambia","region":null,"continent":null,"rank":72,"score":19},{"id":"kh","site":"global","name":"Cambodia","slug":"cambodia","region":null,"continent":null,"rank":74,"score":17},{"id":"bs","site":"global","name":"The Bahamas","slug":"bahamas","region":null,"continent":null,"rank":74,"score":17},{"id":"ls","site":"global","name":"Lesotho","slug":"lesotho","region":null,"continent":null,"rank":76,"score":16},{"id":"gh","site":"global","name":"Ghana","slug":"ghana","region":null,"continent":null,"rank":76,"score":16},{"id":"na","site":"global","name":"Namibia","slug":"namibia","region":null,"continent":null,"rank":78,"score":15},{"id":"lc","site":"global","name":"Saint Lucia","slug":"saint_lucia","region":null,"continent":null,"rank":78,"score":15},{"id":"ke","site":"global","name":"Kenya","slug":"kenya","region":null,"continent":null,"rank":78,"score":15},{"id":"om","site":"global","name":"Oman","slug":"oman","region":null,"continent":null,"rank":81,"score":14},{"id":"ve","site":"global","name":"Venezuela","slug":"venezuela","region":null,"continent":null,"rank":81,"score":14},{"id":"zw","site":"global","name":"Zimbabwe","slug":"zimbabwe","region":null,"continent":null,"rank":83,"score":13},{"id":"mz","site":"global","name":"Mozambique","slug":"mozambique","region":null,"continent":null,"rank":84,"score":12},{"id":"af","site":"global","name":"Afghanistan","slug":"afghanistan","region":null,"continent":null,"rank":84,"score":12},{"id":"cm","site":"global","name":"Cameroon","slug":"cameroon","region":null,"continent":null,"rank":86,"score":11},{"id":"my","site":"global","name":"Malaysia","slug":"malaysia","region":null,"continent":null,"rank":87,"score":10},{"id":"bw","site":"global","name":"Botswana","slug":"botswana","region":null,"continent":null,"rank":88,"score":9},{"id":"vc","site":"global","name":"Saint Vincent and the Grenadines","slug":"saint_vincent_grenadines","region":null,"continent":null,"rank":89,"score":7},{"id":"ag","site":"global","name":"Antigua and Barbuda","slug":"Antigua_Barbuda","region":null,"continent":null,"rank":90,"score":5},{"id":"mw","site":"global","name":"Malawi","slug":"malawi","region":null,"continent":null,"rank":90,"score":5},{"id":"bb","site":"global","name":"Barbados","slug":"barbados","region":null,"continent":null,"rank":92,"score":4},{"id":"kn","site":"global","name":"Saint Kitts and Nevis","slug":"saint_kitts_nevis","region":null,"continent":null,"rank":92,"score":4},{"id":"mm","site":"global","name":"Myanmar","slug":"myanmar","region":null,"continent":null,"rank":94,"score":1}]