[{"id":"open_licence","site":"global","question":"Is the data openly licensed/in public domain?","questionshort":"Openly licenced","description":"<p>This question measures if anyone is legally allowed to use, modify and redistribute data for any purpose. Only then data is considered truly &quot;open&quot; (see Open Definition). Answer ”Yes” if the data are openly licensed. The Open Definition provides a list of conformant licences. Answer also “Yes” if there is no open licence, but a statement that the dataset is in “public domain”. To count as public domain the dataset must not be protected by copyright, patents or similar restrictions. If you are not sure whether an open licence or public domain disclaimer is compliant with the Open Definition 2.1, seek feedback on the Open Data Index discussion forum.</p>\n","type":"yesno","placeholder":"","score":20,"config":{"score":{"weight":20,"passValue":["Yes",true]}},"openquestion":true,"icon":"unlock-alt"},{"id":"format","site":"global","question":"In which formats are the data?","questionshort":"In an open and machine-readable format","description":"<p>Tell us the file formats of the data. We automatically compare them against a list of file formats that are considered machine-readable and open. A file format is called machine-readable if your computer can process, access, and modify single elements in a data file. The Index considers formats to be “open” if they can be fully processed with at least one free and open-source software tool. The source code of these format does not have to be open. Potentially these formats allow more people to use the data, because people do not need to buy specific software to open it.</p>\n","type":"multiple","placeholder":"","score":20,"config":{"score":{"weight":20,"passAnyOption":true},"short":true,"options":["XLS","PX","CSV","JSON","TSV","XML","RDF","TXT","AsciiDoc","SHP","SHX","DBF","WFS","GeoJSON","GPX","KML","KMZ","GML","GRIB2","SVG","GDB"],"includeOther":false,"orderOptions":true},"openquestion":true,"icon":"keyboard-o"},{"id":"bulk","site":"global","question":"Is the dataset downloadable at once?","questionshort":"Downloadable at once","description":"<p>Answer “Yes”, if you can download all data at once from the URL at which you found them. In case that downloadable data files are very large, their downloads may also be organised by month or year or broken down into sub­files. Answer “No” if if you have to do many manual steps to download the data, or if you can only retrieve very few parts of a large dataset at a time (for instance through a search interface).</p>\n","type":"yesno","placeholder":"Here you can tell us more how you can retrieve the data.","score":15,"config":{"score":{"weight":15,"passValue":["Yes",true]}},"openquestion":true,"icon":"copy"},{"id":"timely","site":"global","question":"Data should be updated every {{ datasetContext.updateEvery }}: Is the data up-to-date?","questionshort":"Up-to-date","description":"<p>Please base your answer on the date at which you answer this question. Answer “No” if you cannot determine a date, or if the data are outdated.</p>\n","type":"yesno","placeholder":"Some data is updated regularly, while other data may not change for many years. If necessary, use your judgement and document the reasons for your assessment here.","score":15,"config":{"score":{"weight":15,"passValue":["Yes",true]}},"openquestion":true,"icon":"clock-o"},{"id":"online_free","site":"global","question":"Are the data available online without the need to register or request access to the data?","questionshort":"Publicly available","description":"<p>Answer “Yes”, if the data are made available by the government on a public website. Answer “No” if the data are <em>NOT</em> available online or are available online only after registering, requesting the data from a civil servant via email, completing a contact form or another similar administrative process.</p>\n","type":"yesno","placeholder":"","score":15,"config":{"score":{"weight":15,"passValue":["Yes",true]}},"openquestion":true,"icon":"eye"},{"id":"free","site":"global","question":"Is the data available free of charge?","questionshort":"Available free of charge","description":"","type":"yesno","placeholder":"","score":15,"config":{"score":{"weight":15,"passValue":["Yes",true]}},"openquestion":true,"icon":"dollar"},{"id":"findable","site":"global","question":"How much do you agree with the following statement: “It was easy for me to find the data.”?","questionshort":"","description":"","type":"likert","placeholder":"","score":0,"config":{"options":[{"value":"1","description":"Do not agree at all"},{"value":"2","description":"Somewhat disagree"},{"value":"3","description":"Somewhat agree"},{"value":"4","description":"Strongly agree"}]},"openquestion":false,"icon":""},{"id":"findable_steps","site":"global","question":"Tell us the steps you took to find the data.","questionshort":"","description":"<p>Example:  I googled for the data and found the data in the first search result; I did in-depth search on single websites; etc.</p>\n","type":"text","placeholder":"","score":0,"config":{},"openquestion":false,"icon":""},{"id":"licence_url","site":"global","question":"Please submit a URL to the open licence or to a statement that the data are in public domain.","questionshort":"","description":"<p>Public domain statements can be disclaimers, terms of use or similar texts.</p>\n","type":"text","placeholder":"","score":0,"config":{},"openquestion":false,"icon":""},{"id":"collector_gov","site":"global","question":"Are the data collected by the government (or an official third party on behalf of the government)?","questionshort":"Collected by government","description":"<p>Answer “Yes” if the data are collected by government, or a third party officially representing government. This may be the case for state-owned-enterprises or contractors delivering public services for government.</p>\n","type":"yesno","placeholder":"","score":0,"config":{"score":{"weight":0,"passValue":["Yes",true]}},"openquestion":true,"icon":"file-alt"},{"id":"usability","site":"global","question":"Please provide an assessment of how easily the data are usable without human effort. Select 1 if extensive effort is required to make data usable, select 2 if some effort is required and select 3 if little to no effort is required.","questionshort":"","description":"<p>Data may be in a machine-readable format like an .xls spreadsheet. But they might contain unstructured information (like notes randomly written in a column). Such data often has to be cleaned to become usable. Tell us the effort it takes for you to use the data. Base your assessment on whether the data are fit for your use cases.</p>\n","type":"likert","placeholder":"","score":0,"config":{"options":[{"value":"1","description":"Extensive effort is required"},{"value":"2","description":"Some effort is required"},{"value":"3","description":"Little to no effort is required"}]},"openquestion":false,"icon":""},{"id":"collector_name","site":"global","question":"Please provide the name of the government agency or organisation that collects the data.","questionshort":"","description":"<p>Please also submit evidence that data is collected, managed or mandated by government (e.g. by submitting the URL to a disclaimer of \ngovernment endorsement).</p>\n","type":"text","placeholder":"","score":0,"config":{},"openquestion":false,"icon":""},{"id":"collector_non_gov","site":"global","question":"Please provide the reason that the data are not collected by the government.","questionshort":"","description":"<p>Please tell us why the data are not collected by your government. For instance, sometimes governments do not collect data because they have no measurement mechanisms put in place or the service is run by a private company not connected to the government.</p>\n","type":"text","placeholder":"","score":0,"config":{},"openquestion":false,"icon":""},{"id":"online_otherwise","site":"global","question":"Are the data available online after requesting access or registering?","questionshort":"Controlled access","description":"","type":"yesno","placeholder":"","score":0,"config":{},"openquestion":false,"icon":""},{"id":"characteristics","site":"global","question":"Please confirm that the following characteristics are present in the data published online by the government:","questionshort":"","description":"<p>If you cannot find all data characteristics online, continue answering all further questions referring to the characteristics you found.</p>\n","type":"multiple","placeholder":"","score":0,"config":{"optionsContextKey":"characteristics"},"openquestion":false,"icon":""},{"id":"location","site":"global","question":"Where did you find the data?","questionshort":"","description":"<p>How to describe the data source: If you find data on a financial department website, please fill in: “Website of National Department of Finances”. If you found it in an API of the same department, fill in: &quot;API of National Department of Finances&quot;.</p>\n","type":"source","placeholder":"","score":0,"config":{},"openquestion":false,"icon":""}]